{
  "project_info": {
    "project_number": "762401533917",
    "firebase_url": "https://loja-virtual-flutter-8cb93.firebaseio.com",
    "project_id": "loja-virtual-flutter-8cb93",
    "storage_bucket": "loja-virtual-flutter-8cb93.appspot.com"
  },
  "client": [
    {
      "client_info": {
        "mobilesdk_app_id": "1:762401533917:android:a0ed98db564c5349f19034",
        "android_client_info": {
          "package_name": "br.com.lojavitualaldemir.loja_virtual"
        }
      },
      "oauth_client": [
        {
          "client_id": "762401533917-9mgp4ob6j5km0nm35nb8begsaose530s.apps.googleusercontent.com",
          "client_type": 3
        }
      ],
      "api_key": [
        {
          "current_key": "AIzaSyBnirLujFFA3n6cLR6j1WEstRRTTcdsuHc"
        }
      ],
      "services": {
        "appinvite_service": {
          "other_platform_oauth_client": [
            {
              "client_id": "762401533917-9mgp4ob6j5km0nm35nb8begsaose530s.apps.googleusercontent.com",
              "client_type": 3
            }
          ]
        }
      }
    }
  ],
  "configuration_version": "1"
}